STT,Khu vực,Mã khách hàng,Địa điểm viết tắt,Công ty,Địa chỉ,Xã/phường,Tỉnh
1,BN,SEV,SEV,CÔNG TY TNHH SAMSUNG ELECTRONICS VIỆT NAM (SEV),"KCN Yên Phong, Yên Trung, Bắc Ninh",Yên Trung,Bắc Ninh
2,BN,ALSB,ALSB,CÔNG TY TRÁCH NHIỆM HỮU HẠN ALS BẮC NINH,"KCN Yên Phong, Yên Trung, Bắc Ninh",Yên Trung,Bắc Ninh
3,BN,SDV,SDV,CÔNG TY TNHH SAMSUNG DISPLAY VIỆT NAM (SDV),"KCN Yên Phong, Yên Trung, Bắc Ninh",Yên Trung,Bắc Ninh
4,BN,ASGS,ASGS,CÔNG TY CỔ PHẦN DỊCH VỤ SÂN BAY SÀI GÒN (ASGS),"KCN Yên Phong, Yên Trung, Bắc Ninh",Yên Trung,Bắc Ninh
5,BN,CLC,CLC,CÔNG TY CỔ PHẦN TIẾP VẬN THẾ KỶ (CLC),"KCN Yên Phong, Yên Trung, Bắc Ninh",Yên Trung,Bắc Ninh
6,BN,ALSE,ALSE,CÔNG TY CỔ PHẦN ALS ĐÔNG HÀ NỘI (ALSE),"khu công nghiệp VSIP Bắc Ninh , Phù Chẩn, Từ Sơn, Bắc Ninh",Từ Sơn,Bắc Ninh
7,BN,VDS,QUẾ VÕ,CÔNG TY TNHH VDS VIỆT NAM,"KCN Quế Võ 1, Phường Vân Dương, Bắc Ninh",Vân Dương,Bắc Ninh
8,BN,FUYU,QUANG CHÂU,CÔNG TY TNHH TPCX FUYU,"KCN Quang Châu, Phường Nếnh, Tỉnh Bắc Ninh",Nếnh,Bắc Ninh
9,BN,DOEW,TỪ SƠN,CÔNG TY DOEW,"Phường Từ Sơn, Tỉnh Bắc Ninh",Từ Sơn,Bắc Ninh
10,BN,AMKOR,YÊN PHONG,CÔNG TY TNHH AMKOR TECHNOLOGY VIỆT NAM,"KCN Yên Phong II-C, Xã Yên Phong, Tỉnh Bắc Ninh",Yên Trung,Bắc Ninh
11,BN,FUSHAN,TỪ SƠN,CÔNG TY TNHH FUSHAN TECHNOLOGY VN,"Số 8, đường 6, KCN VSIP Bắc Ninh, Phường Từ Sơn, Tỉnh Bắc Ninh",Từ Sơn,Bắc Ninh
12,BN,RADIAN,YÊN PHONG,CÔNG TY TNHH RADIAN VIỆT NAM,"Nhà máy FA3 Cụm Fuji Precision, KCN Yên Phong, Xã Yên Phong, Tỉnh Bắc Ninh",Yên Trung,Bắc Ninh
13,BN,JPC,VÂN TRUNG,CÔNG TY TNHH JPC CONNECTIVITY,"Lô CN-10, KCN Vân Trung, Phường Nếnh, Tỉnh Bắc Ninh",Nếnh,Bắc Ninh
14,BN,COOLER,GIA BÌNH,CÔNG TY TNHH SẢN XUẤT COOLER MASTER,"Lô CN-04.1, KCN Gia Bình, Xã Đông Cứu, Bắc Ninh",Đông Cứu,Bắc Ninh
15,BN,FUKANG,QUANG CHÂU,CÔNG TY TNHH FUKANG TECHNOLOGY,"Lô I, KCN Quang Châu, Phường Nếnh và, Phường Nếnh, Tỉnh Bắc Ninh",Nếnh,Bắc Ninh
16,BN,KOSTAT,YÊN PHONG,CÔNG TY TNHH KOSTAT VINA,"Số 3A, 3B, lô CN02-1, KCN Yên Phong (Khu mở rộng), Xã Yên Trung, Tỉnh Bắc Ninh",Yên Trung,Bắc Ninh
17,BN,INTERPLEX,QUẾ VÕ,INTERPLEX PRECISION TECHNOLOGY (HANOI),"Lô VI-1.1, Đường D3, KCN Quế Võ II, Phường Đào Viên, Tỉnh Bắc Ninh",Đào Viên,Bắc Ninh
18,BN,TAIXIN,ĐẠI ĐỒNG,CÔNG TY TNHH TAIXIN PRINTING VINA,"Số 19, đường 11, KCN, Đô thị và Dịch vụ VSIP Bắc Ninh, Xã Đại Đồng, Tỉnh Bắc Ninh",Đại Đồng,Bắc Ninh
19,BN,NEFAB,YÊN PHONG,CÔNG TY TNHH NEFAB VIỆT NAM,"KCN Yên Phong, Xã Yên Trung, Tỉnh Bắc Ninh",Yên Trung,Bắc Ninh
20,BN,SHUNSIN,VÂN TRUNG,SHUNSIN TECH,"Lô CNSG – 10 , KCN Vân Trung, Phường Nếnh,Tỉnh Bắc Ninh",Nếnh,Bắc Ninh
21,BN,JNS,YÊN PHONG,CÔNG TY TNNH JNS VINA ,"KCN Yên Phong mở rộng, Bắc Ninh",Yên Trung,Bắc Ninh
22,BN,SARITECH ,YÊN PHONG,SARITECH ,"Khu công nghiệp yên phong 2, Bắc Ninh",Yên Trung,Bắc Ninh
23,BN,ANH MINH,TỪ SƠN,KHO NGOẠI QUAN CỦA CÔNG TY TNHH DV VÀ TM ANH MINH,"Nhà kho số 15,KCN VSIP Bắc Ninh, phường Từ Sơn, Bắc Ninh",Từ Sơn,Bắc Ninh
24,BN,Kho lạnh SDS,VSIP BẮC NINH,KHO LẠNH SAM SUNG SDS,"đường 6, Khu công nghiệp VSIP Bắc Ninh, Tỉnh Bắc Ninh",Từ Sơn,Bắc Ninh
25,BN,FULIAN,QUANG CHÂU,CÔNG TY TNHH PRECISION TECHNOLOGY COMPONENT FULIAN,"Lô CN1, Khu Công nghiệp Quang Châu, Phường Nếnh, Tỉnh Bắc Ninh",Nếnh,Bắc Ninh
26,BN,FUHONG,QUANG CHÂU,FUHONG PRECISION COMPONENT ,"Lô P3 KCN Quang Châu Phường Nếnh, Bắc Ninh",Nếnh,Bắc Ninh
27,BN,AKZO,QUẾ VÕ,NHÀ MÁY AKZONOBEL,"KCN Quế Võ 1, Bắc Ninh",Nam Sơn,Bắc Ninh
28,BN,YUSEN,YÊN PHONG,KHO YUSEN,"KCN Yên Phong, Bắc Ninh",Yên Trung,Bắc Ninh
29,BN,FULIAN,QUANG CHÂU,FULIAN PRECISION TECHNOLOGY,"KCN Quang Châu, Phường Nếnh, Tỉnh Bắc Ninh",Nếnh,Bắc Ninh
30,BN,KDT,YÊN PHONG,"KDT VINA CO.,LTD","Khu công nghiệp Yên Phong (Khu mở rộng), Xã Tam Đa, Tỉnh Bắc Ninh",Tam Đa,Bắc Ninh
31,BN,YUZHAN,QUẾ VÕ,CÔNG TY TNHH CÔNG NGHỆ BAO BÌ YUZHAN VN,"Lô H2-01, KCN Quế Võ, Phường Phương Liễu, Tỉnh Bắc Ninh",Phương Liễu,Bắc Ninh
32,BN,LUXSHARE,VÂN TRUNG,CÔNG TY TNHH LUXSHARE-ICT (VÂN TRUNG),"KCN Vân Trung, Phường Nếnh,Tỉnh Bắc Ninh",Nếnh,Bắc Ninh
33,BN,MEKLAND,YÊN PHONG,MEKLAND,"KCN Yên Phong, Bắc Ninh",Yên Trung,Bắc Ninh
34,BN,FUNING,QUẾ VÕ,CÔNG TY TNHH CÔNG NGHỆ CHÍNH XÁC FUNING,"Lô B, KCN Quế Võ, Phường Nam Sơn, Tỉnh Bắc Ninh",Nam Sơn,Bắc Ninh
35,BN,SEOJIN,TIÊN SƠN,SEOJIN SYSTEM VINA,"KCN Tiên Sơn, Phường Đồng Nguyên, Tỉnh Bắc Ninh",Đồng Nguyên,Bắc Ninh
36,BN,SIMPLO,HÒA PHÚ,SIMPLO TECHNOLOGY,"KCN Hòa Phú, xã Xuân Cẩm, tỉnh Bắc Ninh",Xuân Cẩm,Bắc Ninh
37,BN,MKL,YÊN PHONG,MKL,"KCN Yên Phong, Bắc Ninh",Yên Trung,Bắc Ninh
38,BN,PRECISION,QUANG CHÂU,CÔNG TY TNHH PRECISION TECHNOLOGY COMPONENT,"Lô CN1, KCN Quang Châu, Phường Nếnh, Tỉnh Bắc Ninh",Nếnh,Bắc Ninh
39,BN,TARRY,YÊN PHONG,CÔNG TY TNHH CÔNG NGHỆ ĐIỆN TỬ TARRY,"KCN Yên Phong (khu mở rộng), Yên Trung, Bắc Ninh",Yên Trung,Bắc Ninh
40,BN,KHO CL,TỪ SƠN,"KHO CL-CÔNG TY TNHH KUEHNE+NAGEL, BLOCK 17 MAPLETREE","đường số 6, KCN Vsip, Phường Từ Sơn, Bắc Ninh",Từ Sơn,Bắc Ninh
41,BN,Kho ITL,TỪ SƠN,KHO ITL,"KCN VSIP, Từ Sơn, Bắc Ninh",Từ Sơn,Bắc Ninh
42,BN,md,YÊN PHONG,KHO CÔNG TY MD GIAO NHẬN VẬN TẢI VN,"Lô CN8-5-1 KCN Yên Phong mở rộng, xã Yên Trung , Bắc Ninh",Yên Trung,Bắc Ninh
43,BN,global,YÊN PHONG,CHI NHÁNH BẮC NINH CÔNG TY TNHH HI GLOBAL LOGISTICS,"Lô CN8-5-1, KCN mở rộng Yên Phong, Xã Yên Trung, Bắc Ninh",Yên Trung,Bắc Ninh
44,BN,boyd,YÊN PHONG,CÔNG TY TNHH BOYD VIỆT NAM,"Lô CN10, KCN Yên Phong ( Khu mở rộng), Xã Tam Đa, Tỉnh Bắc Ninh",Tam Đa,Bắc Ninh
45,BN,amphenol,HÒA PHÚ,CÔNG TY TNHH AMPHENOL HIGH SPEED CABLE VIỆT NAM,"KCN Hòa Phú, Xã Xuân Cẩm, Tỉnh Bắc Ninh",Xuân Cẩm,Bắc Ninh
46,BN,PHOENIX,VÂN TRUNG,CÔNG TY TNHH PHOENIX TECH VIỆT NAM,"Lô số CN-16 KCN Vân Trung, Phường Nếnh, Bắc Ninh",Nếnh,Bắc Ninh
47,BN,SPORTSOUL,THUẬN THÀNH,CÔNG TY TNHH CÔNG NGHỆ SPORTSOUL HEALTH,"KCN Thuận Thành II, Phường Mão Điền, Tỉnh Bắc Ninh",Mão Điền,Bắc Ninh
48,BN,EDGETEL,CHÂU PHONG,CÔNG TY TNHH EDGETEL VIỆT NAM ,"Lô CN-C9+C10+C12 Cụm công nghiệp Châu Phong, Thôn Châu Cầu, Xã Phù Lãng, Bắc Ninh",Phù Lãng,Bắc Ninh
49,BN,CHITWING,YÊN PHONG,CÔNG TY CHITWING VIỆT NAM,"KCN Yên Phong, Bắc Ninh",Yên Trung,Bắc Ninh
50,BN,MERLION,QUẾ VÕ,MERLION TECH  BẮC NINH,"KCN Quế Võ II, Phường Đào Viên, Bắc Ninh",Đào Viên,Bắc Ninh
51,BN,VSO,QUẾ VÕ,"VSO (VIET NAM) ELECTRONICS CO., LTD","KCN Quế Võ (Khu mở rộng), Phường Nam Sơn, Tỉnh Bắc Ninh",Nam Sơn,Bắc Ninh
52,BN,GOERTEK,NAM SƠN,GOERTEK TECHNOLOGY VINA,"Lô A1, KCN Nam Sơn – Hạp Lĩnh, Phường Nam Sơn, Phường Hạp Lĩnh và, Xã Tân Chi, Bắc Ninh",Tân Chi,Bắc Ninh
53,BN,NEW START,NỘI HOÀNG,CÔNG TY TNHH CÔNG NGHIỆP NEW START VIỆT NAM,"Nhà xưởng số 2, Lô NM2, Cụm CN Nội Hoàng, Tiên Phong, Bắc Ninh",Tiên Phong,Bắc Ninh
54,BN,I SHENG,QUẾ VÕ,CÔNG TY TNHH I SHENG ELECTRIC WIRE & CABLE,"Lô D4-2, H5-6, KCN Quế Võ, Phường Nam Sơn, Tỉnh Bắc Ninh",Nam Sơn,Bắc Ninh
55,BN,DELTA,BẮC NINH,DELTA,"5E Ngô Miên Thiều, Phường Tiên An, Thành phố Bắc Ninh, Tỉnh Bắc Ninh",Tiên An,Bắc Ninh
56,BN,ICD,TIÊN SƠN,KHO ICD,"Tiên Sơn,Bắc Ninh",Tiên Sơn,Bắc Ninh
57,BN,DESAY,SONG KHÊ,DESAY BATTERY VINA COMPANY LIMITED,"Lô FJ-26, KCN Song Khê - Nội Hoàng (phía Nam), Phường Tiền Phong, Bắc Ninh",Tiền Phong,Bắc Ninh
58,BN,NEX VINA,HÒA PHÚ,CÔNG TY TNHH NEX VINA,"Một phần lô CN-5, KCN Hòa Phú, Bắc Ninh",Xuân Cẩm,Bắc Ninh
59,BN,MAERSK,TỪ SƠN,KHO MAERSK,"block 16 Mapletree, số 1 đường 06, KCN Vsip, Phường Từ Sơn, Bắc Ninh",Từ Sơn,Bắc Ninh
60,BN,FULLWEI,ĐẠI ĐỒNG,CÔNG TY TNHH CÔNG NGHIỆP FULLWEI VIỆT NAM,"Lô H2-2-1 Khu CN Đại Đồng- Hoàn Sơn, Xã Đại Đồng, Bắc Ninh",Đại Đồng,Bắc Ninh
61,BN,SUNWODA,VÂN TRUNG,CÔNG TY TNHH SUNWODA VIỆT NAM,"KCN Vân Trung, Phường Nếnh, Tỉnh Bắc Ninh",Nếnh,Bắc Ninh
62,BN,SEBONG,YÊN PHONG,SEBONG,"Yên Phong, Bắc Ninh",Yên Trung,Bắc Ninh
63,BN,MERITAC,QUẾ VÕ,CÔNG TY TNHH MERITAC PRECISION,"Nhà xưởng T-1.1 T-1.2 T-1.3 thuộc lô đất T-1, KCN Quế Võ (KMR), P. Nam Sơn, Bắc Ninh",Nam Sơn,Bắc Ninh
64,BN,ITM,TỪ SƠN,CÔNG TY TNHH ITM SEMICONDUCTOR VIETNAM,"Số 6 đường 11, Vsip Bắc Ninh, Phường Từ Sơn, Bắc Ninh",Từ Sơn,Bắc Ninh
65,BN,DING FENG,QUẾ VÕ,CÔNG TY TNHH CÔNG NGHỆ DING FENG VIỆT NAM,"Khu công nghiệp Quế Võ (khu vực mở rộng), Phường Phương Liễu, Tỉnh Bắc Ninh",Phương Liễu,Bắc Ninh
66,BN,HEATING,VÂN TRUNG,CÔNG TY TNHH VẬT LIỆU HEATING & INSULATION RH,"Lô CN-08, KCN Vân Trung, Phường Nếnh, Tỉnh Bắc Ninh",Nếnh,Bắc Ninh
67,BN,FU HAI,HÒA PHÚ,CÔNG TY TNHH KHOA HỌC KỸ THUẬT FU HAI,"Một phần Lô CN-03, KCN Hòa Phú, Xã Xuân Cẩm, Tỉnh Bắc Ninh",Xuân Cẩm,Bắc Ninh
68,BN,ELECWAY,YÊN PHONG,CÔNG TY TNHH ELECWAY TECHNOLOGY,"Khu công nghiệp Yên Phong II-C, xã Tam Giang, Bắc Ninh",Tam Giang,Bắc Ninh
69,BN,SHUNYUN,QUANG CHÂU,SHUNYUN TECHNOLOGY (BAC GIANG),"KCN Quang Châu, Phường Nếnh, Tỉnh Bắc Ninh",Nếnh,Bắc Ninh
70,BN,MEGA,YÊN PHONG,MEGA TECHNOLOGY & SOLUTION VIETNAM,"Lô CN8-1, KCN Yên Phong II-C, xã Tam Giang, Xã Yên Phong, Bắc Ninh",Tam Giang,Bắc Ninh
71,BN,ADVANTEC,YÊN PHONG,CÔNG TY TNHH ADVANTEC VIỆT NAM,"Lô CN02-1 – KCN Yên Phong (Khu mở rộng), Xã Yên Trung, Bắc Ninh",Yên Trung,Bắc Ninh
72,BN,BIEL,TỪ SƠN,BIEL BẮC NINH,"Số 98, Đường Hữu Nghị, KCN ĐT và DV VSIP Bắc Ninh ",Từ Sơn,Bắc Ninh
73,BN,YIPAN,TỪ SƠN,CÔNG TY TNHH YIPAN VN,"Unit 4A, NX Cao Tầng Tòa 1, Số 2, Đ. BH5, KCN VSIP Bắc Ninh, Phường Từ Sơn, Bắc Ninh",Từ Sơn,Bắc Ninh
74,BN,H&P,YÊN PHONG,CHI NHÁNH CÔNG TY TNHH H&P LOGIS VIỆT NAM TẠI BẮC NINH,"Lô CN7-10 và lô CN8-5, khu công nghiệp mở rộng Yên Phong, Xã Yên Trung, Tỉnh Bắc Ninh",Yên Trung,Bắc Ninh
75,BN,TESTRON,TỪ SƠN,CÔNG TY TNHH TESTRON TECHNOLOGY,"Unit 1B, Nhà xưởng Cao Tầng Toà 1, Số 2, Đường BH5, KCN VSIP, Phường Từ Sơn, Tỉnh Bắc Ninh",Từ Sơn,Bắc Ninh
76,BN,FULLINK,QUẾ VÕ,CÔNG TY TNHH CÔNG NGHỆ FULLINK VIỆT NAM,"Lô V-3, đường N1, KCN Quế Võ II, Phường Đào Viên, Bắc Ninh",Đào Viên,Bắc Ninh
77,BN,CAMBIUM,YÊN PHONG,"CAMBIUM NETWORKS, LTD","Lô CN4-1, KCN Yên Phong (Khu mở rộng), Xã Dung Liệt, Xã Thụy Hòa, Xã Tam Đa, Tỉnh Bắc Ninh",Tam Đa,Bắc Ninh
78,BN,NEWWING,VÂN TRUNG,CÔNG TY TNHH NEWWING INTERCONNECT TECHNOLOGY ,"Lô 08, KCN Vân Trung, Phường Nếnh, Tỉnh Bắc Ninh",Nếnh,Bắc Ninh
79,BN,ADTEK,TỪ SƠN,CÔNG TY TNHH ADTEK (VIỆT NAM),"Lô TT, Đường TS5, Khu công nghiệp Tiên Sơn, Phường Từ Sơn, Tỉnh Bắc Ninh, Việt Nam",Từ Sơn,Bắc Ninh
80,BN,MD,YÊN PHONG,KHO CÔNG TY MD GIAO NHẬN VẬN TẢI VN,"Lô CN8-5-1 KCN Yên Phong mở rộng, xã Yên Trung , Tỉnh Bắc Ninh",Yên Trung,Bắc Ninh
81,BN,CHUNQIU,HÒA PHÚ,CÔNG TY TNHH CHUNQIU ELECTRONIC,"CN-09, KCN Hòa Phú, Xã Xuân Cẩm, Tỉnh Bắc Ninh",Xuân Cẩm,Bắc Ninh
82,BN,WE SUM,SONG KHÊ,WE SUM TECHNOLOGY,"Song Khê, Phường Tiền Phong, Tỉnh Bắc Ninh",Tiền Phong,Bắc Ninh
83,BN,THERMAL,ĐẠI ĐỒNG,CÔNG TY TNHH SJ THERMAL VINA,"Nhà xưởng A2, số 05, đường 21A, KCN, ĐT và DV Vsip Bắc Ninh, Xã Đại Đồng, Tỉnh Bắc Ninh",Đại Đồng,Bắc Ninh
84,BN,STREAMAX,TỪ SƠN,CÔNG TY TNHH ĐIỆN TỬ STREAMAX (VIỆT NAM),"KCN Tiên Sơn, Phường Từ Sơn, Tỉnh Bắc Ninh",Từ Sơn,Bắc Ninh
85,BN,SUGA,QUẾ VÕ,CÔNG TY TNHH SUGA INTERNATIONAL (VIỆT NAM),"Lô CN11-3, Khu công nghiệp Quế Võ 3, Phường Quế Võ, Tỉnh Bắc Ninh",Quế Võ,Bắc Ninh
86,BN,YIJIE,QUẾ VÕ,CÔNG TY TNHH CÔNG NGHỆ ĐIỆN TỬ YIJIE,"Khu công nghiệp Quế Võ 2, Phường Đào Viên, Tỉnh Bắc Ninh",Đào Viên,Bắc Ninh
87,BN,TIANYU,VIỆT TIẾN,CÔNG TY TNHH CÔNG NGHỆ ĐIỆN TỬ TIANYU VIỆT NAM,"Lô CN15, Cụm công nghiệp Việt Tiến, Tỉnh Bắc Ninh",Tự Lạn,Bắc Ninh
88,BN,MD,YÊN PHONG,KHO CÔNG TY MD GIAO NHẬN VẬN TẢI VN,"Lô CN8-5-1 KCN Yên Phong mở rộng, Bắc Ninh",Yên Trung,Bắc Ninh
89,BN,KUEHNE,TỪ SƠN,CÔNG TY TNHH KUEHNE+NAGEL,"Block 17 Mapletree, đường số 6, KCN VSIP, Bắc Ninh",Từ Sơn,Bắc Ninh
90,BN,SYNOPEX,YÊN PHONG,CÔNG TY CỔ PHẦN SYNOPEX VIỆT NAM,YP2-2 KCN Yên Phong Bắc Ninh,Yên Trung,Bắc Ninh
91,BN,CUM,YÊN PHONG,LOGISTICS CUM CUSTOMER SERVICE DEPT,"Lô CN 10-03, KCN Yên Phong (khu mở rộng), Xã Yên Trung, Tỉnh Bắc Ninh",Yên Trung,Bắc Ninh
92,BN,E-PAC,VÂN TRUNG,"E-PAC VIETNAM PACKAGING CO.,LTD","Nhà xưởng CN-06-39, Lô CN-06, KCN Vân Trung, Phường Nếnh, Tỉnh Bắc Ninh",Nếnh,Bắc Ninh
93,BN,ENPLA,HẠP LĨNH,CÔNG TY TNHH BẮC NINH ENPLA,"Phường Hạp Lĩnh, Tỉnh Bắc Ninh",Hạp Lĩnh,Bắc Ninh
94,BN,BẮC KỲ,TIÊN SƠN,BAC KY INVESTMENT JOINT STOCK COMPANY,"Lô 7 đường TS9, KCN Tiên Sơn, Tỉnh Bắc Ninh",Đại Đồng,Bắc Ninh
95,BN,IMD,QUẾ VÕ,CÔNG TY IMD,"Lô số CN7-1, Khu Công nghiệp Quế Võ III, Xã Việt Hùng, Phường Quế Võ, Tỉnh Bắc Ninh",Quế Võ,Bắc Ninh
96,BN,HANWHA,QUẾ VÕ,CTY TNHH HANWHA TECHWIN SECURITY VN,"KCN Quế Võ,Bắc Ninh",Nam Sơn,Bắc Ninh
97,BN,ITL,TỪ SƠN,KHO ITL,"Từ Sơn, Bắc Ninh",Từ Sơn,Bắc Ninh
98,BN,COVA TEC,TIÊN SƠN,COVA TEC,"KCN Tiên Sơn mở rộng, Bắc Ninh",Đại Đồng,Bắc Ninh
99,BN,ETS,YÊN PHONG,CÔNG TY TNHH ETS VINA,"KCN Yên Phong, Bắc Ninh",Yên Trung,Bắc Ninh
100,BN,SAMKWANG,QUANG CHÂU,CÔNG TY TNHH SAMKWANG VINA,"Khu công nghiệp Quang Châu, Phường Nếnh, Tỉnh Bắc Ninh",Nếnh,Bắc Ninh
101,BN,LENS,QUANG CHÂU,LENS TECHNOLOGY (VIETNAM) CO.LTD,"KCN Quang Châu, Phường Nếnh, Tỉnh Bắc Ninh",Nếnh,Bắc Ninh
102,BN,VSUN,THUẬN THÀNH,CÔNG TY TNHH VSUN,"Lô CN-53, KCN Thuận Thành II, Phường Mão Điền, Bắc Ninh",Mão Điền,Bắc Ninh
103,NBA,ACSV,ACSV,CÔNG TY CỔ PHẦN DỊCH VỤ HÀNG HÓA HÀNG KHÔNG VIỆT NAM,"Cảng hàng không Quốc tế Nội Bài, Nội Bài, Hà Nội",Nội Bài,Hà Nội
104,NBA,NCTS,NCTS,CÔNG TY CỔ PHẦN DỊCH VỤ HÀNG HÓA NỘI BÀI (NCTS),"Cảng hàng không Quốc tế Nội Bài, Nội Bài, Hà Nội",Nội Bài,Hà Nội
105,NBA,ALSC,ALSC,CÔNG TY CỔ PHẦN NHÀ GA HÀNG HÓA ALS,"Cảng hàng không Quốc tế Nội Bài, Nội Bài, Hà Nội",Nội Bài,Hà Nội
106,NBA,DHL,DHL,CÔNG TY CỔ PHẦN GIAO NHẬN TOÀN CẦU DHL (VIỆT NAM),"Cảng hàng không Quốc tế Nội Bài, Nội Bài, Hà Nội",Nội Bài,Hà Nội
107,NBA,ALSW,ALSW,CÔNG TY TNHH DỊCH VỤ KHO VẬN ALS (ALSW),"Cảng hàng không Quốc tế Nội Bài, Nội Bài, Hà Nội",Nội Bài,Hà Nội
108,NBA,ASG,ASG,CÔNG TY CỔ PHẦN TẬP ĐOÀN ASG,"Cảng hàng không Quốc tế Nội Bài, Nội Bài, Hà Nội",Nội Bài,Hà Nội
109,NBA,FUKOKU,KCN NBA,FUKOKU,"KCN Nội Bài, Xã Sóc Sơn, TP Hà Nội",Sóc Sơn,Hà Nội
110,NBA,PAROSY,NGỌC HỒI,PAROSY JOINT STOCK COMAPANY,"Cụm CN Duyên Thái, Xã Ngọc Hồi Hà Nội",Ngọc Hồi,Hà Nội
111,NBA,NTD,LONG BIÊN,CÔNG TY CP TM THIẾT BỊ KT VÀ CÔNG NGHIỆP NTD,"Số 28, ngõ 36 đường Cổ Linh, tổ 7, Long Biên, TP Hà Nội",Long Biên,Hà Nội
112,NBA,PND,THANH OAI,CÔNG TY PND VIET NAM,"Cụm công nghiệp Thanh Oai, Xã Bình Minh, TP Hà Nội",Bình Minh,Hà Nội
113,NBA,TOMECO,ĐẠI XUYÊN,CÔNG TY CỔ PHẦN CÔNG NGHIỆP HỖ TRỢ TOMECO,"KCN hỗ trợ Nam Hà Nội, Xã Đại Xuyên, TP Hà Nội",Đại Xuyên,Hà Nội
114,NBA,GIÀY ĐÔNG ANH,ĐÔNG ANH,CÔNG TY CỔ PHẦN GIÀY ĐÔNG ANH,"Số 250, đường Đào Cam Mộc, xã Đông Anh, TP Hà Nội",Đông Anh,Hà Nội
115,NBA,VISION,QUANG MINH,VISION MATERIALS VIET,"Lot 28, KCN Quang Minh, Hà Nội",Quang Minh,Hà Nội
116,NBA,ASSEMBLY,KCN THĂNG LONG,VOLEX CABLE ASSEMBLY VIETNAM,"Lô D-5b, khu công nghiệp Thăng Long, Xã Thiên Lộc, TP Hà Nội",Thiên Lộc,Hà Nội
117,NBA,RM,NGUYÊN KHÊ,CÔNG TY TNHH RM TECH,"Lô CN5 Cụm Công nghiệp Nguyên Khê, Xã Thư Lâm, TP Hà Nội",Thư Lâm,Hà Nội
118,NBA,MEIKO,THẠCH THẤT, MEIKO ELECTRONICS VIETNAM,"Lô CN9, KCN Thạch Thất – Quốc Oai, Xã Tây Phương, TP Hà Nội",Tây Phương,Hà Nội
119,Tỉnh lẻ,DARFON,ĐỒNG VĂN,CÔNG TY TNHH DARFON VIỆT NAM,"Lô CN-06, KCN Đồng Văn IV, Phường Lê Hồ, Tỉnh Ninh Bình",Lê Hồ,Ninh Bình
120,Tỉnh lẻ,FOXCONN SÔNG KHOAI,SÔNG KHOAI,TẬP ĐOÀN CÔNG NGHỆ FOXCONN,"Khu công nghiệp Sông Khoai, Phường Hiệp Hòa, Tỉnh Quảng Ninh",Hiệp Hòa,Quảng Ninh
121,Tỉnh lẻ,Kho Samsung,NHƯ QUỲNH,KHO SAMSUNG,"Km 17, QL5A, Thôn Minh Khai, Xã Như Quỳnh, Tỉnh Hưng Yên",Như Quỳnh,Hưng Yên
122,Tỉnh lẻ,SAMJINTECH,HƯNG YÊN,CÔNG TY TNHH SAMJINTECH VINA,"Lô CN4.5, Khu Công nghiệp Sạch, Xã Xuân Trúc, Tỉnh Hưng Yên",Xuân Trúc,Hưng Yên
123,Tỉnh lẻ,GALAXY,BÌNH NGUYÊN,GALAXY VIỆT NAM,"Bình Nguyên, Phú Thọ",Bình Nguyên,Phú Thọ
124,Tỉnh lẻ,THĂNG LONG II,MỸ HÀO,"KCN THĂNG LONG II, MỸ HÀO, HƯNG YÊN","KCN Thăng Long II, Mỹ Hào, Hưng Yên",Mỹ Hào,Hưng Yên
125,Tỉnh lẻ,T&C,TAM NÔNG,CÔNG TY CP NHÔM T&C,"KCN Trung Hà,  Xã Tam Nông, Tỉnh Phú Thọ",Tam Nông,Phú Thọ
126,Tỉnh lẻ,NHÔM ĐÔNG Á,HẢI PHÒNG,CTY NHÔM ĐÔNG Á,"Cụm công nghiệp Tân Dân, Phường Lê Đại Hành, Thành Phố Hải Phòng",Lê Đại Hành,Hải Phòng
127,Tỉnh lẻ,CẢNG ĐÌNH VŨ,HẢI PHÒNG,"CẢNG ĐÌNH VŨ, HẢI PHÒNG","Cảng Đình Vũ, Hải Phòng",Đông Hải,Hải Phòng
128,Tỉnh lẻ,SAMJINTECH,HƯNG YÊN,CÔNG TY TNHH SAMJINTECH VINA,"Lô CN4.5, KCN Sạch, Xã Xuân Trúc, Tỉnh Hưng Yên",Xuân Trúc,Hưng Yên
129,Tỉnh lẻ,SYNMCOLD,ĐỒNG VĂN,SYNCMOLD VIỆT NAM,"KCN Đồng Văn IV, Phường Lê Hồ, Tỉnh Ninh Bình",Lê Hồ,Ninh Bình
130,Tỉnh lẻ,AAC,BÁ THIỆN,CÔNG TY TNHH AAC TECHNOLOGIES VĨNH PHÚC,"Lô CN5, KCN Bá Thiện, Xã Bình Tuyền, Tỉnh Phú Thọ",Bình Tuyền,Phú Thọ
131,Tỉnh lẻ,AVC,ĐỒNG VĂN,AVC TECNOLOGY (VIETNAM) COMPANY LIMIT,"KCN Đồng Văn III, Phường Duy Hà, Tỉnh Ninh Bình",Duy Hà,Ninh Bình
132,Tỉnh lẻ,WE SUM VĨNH PHÚC,BÌNH XUYÊN,CÔNG TY TNHH WE SUM TECHNOLOGY VĨNH PHÚC,"Tầng1/ Tầng 2, Nhà xưởng X6, X7, KCN Bình Xuyên, Xã Xuân Lãng Tỉnh Phú Thọ",Xuân Lãng,Phú Thọ
133,Tỉnh lẻ,GOOD COLOR,BÁ THIỆN,GOOD COLOR PACKAGING VIET NAM COMPNAY LTD,"Lô D8-3 KCN Bá Thiện II, XÃ Bình Xuyên, Tỉnh Phú Thọ",Bình Xuyên,Phú Thọ
134,Tỉnh lẻ,SURCHEER,PHÚC YÊN,"SURCHEER, PHUC YEN SHOES JOINT STOCK COMPANY","Đường Trần Phú, Phường Phúc Yên, Tỉnh Phú Thọ",Phúc Yên,Phú Thọ
135,Tỉnh lẻ,MASTER VINA,NINH BÌNH,CÔNG TY TNHH MTV MASTER VINA (CƠ SỞ 2-NHÀ MÁY GẤU BÔNG),"Thôn Cổ Đà-Yên Thịnh, Yên Mô, Ninh Bình",Yên Mô,Ninh Bình
136,Tỉnh lẻ,SMART,BÁ THIỆN,CTY TNHH CÔNG NGHIỆP SMART,"Lô C6-2, KCN Bá Thiện, Xã Bình Tuyền, Tỉnh Phú Thọ",Bình Tuyền,Phú Thọ
137,Tỉnh lẻ,Kho pegatron,HẢI PHÒNG,KHO PEGATRON,"Khu Phi Thuế Quan và KCN Nam Đình Vũ (Khu 1) thuộc Khu Kinh Tế Đình Vũ - Cát Hải, Đông Hải, Hải Phòng",Đông Hải,Hải Phòng
138,Tỉnh lẻ,COMPAL,BÁ THIỆN,CÔNG TY TNHH COMPAL (VIỆT NAM,"KCN Bá Thiện, Xã Bình Tuyền, Phú Thọ",Bình Tuyền,Phú Thọ
139,Tỉnh lẻ,SHINYANG,HẢI PHÒNG,CÔNG TY TNHH SHINYANG METAL VIỆT NAM,"KCN Đại An mở rộng, Phường Tứ Minh, TP Hải Phòng",Tứ Minh,Hải Phòng
140,Tỉnh lẻ,CHÍNH XÁC,KHAI QUANG,CÔNG TY TNHH CÔNG NGHIỆP CHÍNH XÁC VIET NAM(XƯỞNG 3),"KCN Khai Quang, Phường Vĩnh Phúc, Tỉnh Phú Thọ",Vĩnh Phúc,Phú Thọ
141,Tỉnh lẻ,ANLOI,BÁ THIỆN,CÔNG TY TNHH ANLOI KHO NGOẠI QUAN,"Lô CN6, KCN Bá Thiện 1, xã Bình Tuyên, tỉnh Phú Thọ",Bình Tuyên,Phú Thọ
142,Tỉnh lẻ,FEILIKS,BÁ THIỆN,CÔNG TY TNHH DỊCH VỤ KHO BÃI FEILIKS VĨNH PHÚC,"KCN Bá Thiện, Xã Bình Xuyên, Tỉnh Phú Thọ",Bình Xuyên,Phú Thọ
143,Tỉnh lẻ,QISDA,ĐỒNGVĂN,CÔNG TY TNHH QISDA VIỆT NAM,"Lô CN-12, KCN Đồng Văn IV, Phường Lê Hồ, Tỉnh Ninh Bình",Lê Hồ,Ninh Bình
144,Tỉnh lẻ,VERNOVA,HẢI PHÒNG,CÔNG TY TNHH GE VERNOVA HẢI PHÒNG,"Lô H1-H6 và F13A, F13B, F14, F15 KCN Nhật Bản- Hải Phòng, Phường Hồng An, TP Hải Phòng",Hồng An,Hải Phòng
145,Tỉnh lẻ,VIETNAM POST,ĐỒNG VĂN,VIETNAM POST – KNQ HÀ NAM,"Đồng Văn 3, Phường Đồng Văn, Ninh Bình",Đồng Văn,Ninh Bình
146,Tỉnh lẻ,LITE ON,HẢI PHÒNG,CÔNG TY TNHH LITE ON VIỆT NAM,"Số 149, đường số 10, Khu ĐT, CN và DV VSIP Hải Phòng, Phường Nam Triệu, Thành phố Hải Phòng",Nam Triệu,Hải Phòng
147,Tỉnh lẻ,VIETNAM POST VĨNH  PHÚC,BÌNH NGUYÊN,VIETNAM POST – KNQ VĨNH PHÚC,"Lô F4A, KCN Thăng Long Vĩnh Phúc, Xã Bình Nguyên, Tỉnh Phú Thọ",Bình Nguyên,Phú Thọ
148,Tỉnh lẻ,VIDIFI DUYÊN HẢI,HẢI PHÒNG,K5-VIDIFI DUYÊN HẢI LOGISTICS PARK,"Đường Đông Hải 2, quận Hải An , TP Hải Phòng",Quận Hải An,Hải Phòng
149,Tỉnh lẻ,BONDED,BÌNH XUYÊN,BONDED WH - VIETNAM,"KCN Bá Thiện phân khu I, Xã Bình Xuyên, Phú Thọ",Bình Xuyên,Phú Thọ
150,Tỉnh lẻ,BIEL CRYSTAL,HẢI PHÒNG,CÔNG TY TNHH CÔNG NGHỆ BIEL CRYSTAL VIỆT NAM,"KCN An Phát 1, Km72, Quốc lộ 37, Xã An Phú, TP Hải Phòng",An Phú,Hải Phòng
151,Tỉnh lẻ,CASADEVALL,BÌNH NGUYÊN,CÔNG TY TNHH CASADEVALL VIỆT NAM,"KCN Bình Xuyên, Xã Bình Nguyên, Tỉnh Phú Thọ",Bình Nguyên,Phú Thọ
152,Tỉnh lẻ,POWERLOGICS,BÁ THIỆN,CÔNG TY TNHH POWERLOGICS BÁ THIỆN VINA,"KCN Bá Thiện II, Xã Bình Xuyên, Phú Thọ",Bình Xuyên,Phú Thọ
153,Tỉnh lẻ,BYD,PHÚ HÀ,CÔNG TY TNHH ĐIỆN TỬ BYD VIỆT NAM,"Lô CN-2A, KCN Phú Hà, Phường Phú Thọ, Tỉnh Phú Thọ",Phú Thọ,Phú Thọ
154,Tỉnh lẻ,SUMIDA,HẢI PHÒNG,"SUMIDA ELECTRONIC VIETNAM CO.,LTD STANDARD","Nhà xưởng tiêu chuẩn B1 và B2 , KCN  Nhật Bản-Hải, Phường An Dương, TP Hải Phòng",An Dương,Hải Phòng
155,Tỉnh lẻ,LIAN YING,THANH LIÊM,CÔNG TY TNHH LIAN YING VIỆT NAM,"Lô II-CN-02.2, KCN Thanh Liêm, Phường Châu Sơn, Tỉnh Ninh Bình",Châu Sơn,Ninh Bình
156,Tỉnh lẻ,FORWARD,HẢI PHÒNG,CÔNG TY CỔ PHẦN GRAND FORWARD VIỆT NAM,"Lô CN 16-01, Khu Phi Thuế Quan và KCN Nam Đình Vũ (Khu 1) thuộc Khu Kinh Tế Đình Vũ - Cát Hải, Đông Hải, Hải Phòng",Đông Hải,Hải Phòng
157,Tỉnh lẻ,FOSITEK,ĐỒNG VĂN,FOSITEK (VIETNAM) COMPANY LIMITED,"Khu công nghiệp Đồng Văn III, Phường Duy Hà, Tỉnh Ninh Bình",Duy Hà,Ninh Bình
158,Tỉnh lẻ,ARCADYAN,BÌNH XUYÊN,CÔNG TY TNHH ARCADYAN TECHNOLOGY (VIỆT NAM),"Lô D4-5-6 Khu Công nghiệp Thăng Long Vĩnh Phúc, Xã Bình Xuyên, Phú Thọ",Bình Xuyên,Phú Thọ
159,Tỉnh lẻ,EST VINA,HẢI PHÒNG,CÔNG TY EST VINA HẢI PHÒNG,"Lô K6, khu công nghiệp Tràng Duệ, Phường An Phong, TP Hải Phòng",An Phong,Hải Phòng
160,Tỉnh lẻ,JUCHU,ĐỒNG VĂN,CTY TNHH CÔNG NGHỆ JOCHU VIỆT NAM,"KCN Đồng Văn IV, Phường Lê Hồ, Tỉnh Ninh Bình",Lê Hồ,Ninh Bình
161,Tỉnh lẻ,EROVIEW,HƯNG YÊN,CÔNG TY CP TẬP ĐOÀN EUROVIEW,"Khu Công Nghiệp Tân Quang,Xã Như Quỳnh, Hưng Yên",Như Quỳnh,Hưng Yên
162,Tỉnh lẻ,TONGWEI,HẢI PHÒNG,CÔNG TY TNHH ĐIỆN TỬ TONGWEI,"Thửa đất C-04, một phần thửa đất C-05 thuộc lô đất CN12 Khu công nghiệp An Dương, Phường An Phong, Thành phố Hải Phòng",An Phong,Hải Phòng
163,Tỉnh lẻ,SNC,HẢI PHÒNG,"SNC ELECTRONICS VIETNAM CO., LIMITED","Nhà xưởng A1, A2, A3, Lô 6, KCN Cẩm Điền – Lương, Xã Cẩm Giàng, TP Hải Phòng",Cẩm Giàng,Hải Phòng
164,Tỉnh lẻ,ABILITY,BÌNH XUYÊN,CÔNG TY TNHH ABILITY ELECTRONICS TECHNOLOGY VIETNAM,"Nhà xưởng R4, Khu Công nghiệp Bá Thiện – Phân Khu I, Xã Bình Xuyên, Tỉnh Phú Thọ",Bình Xuyên,Phú Thọ
165,Tỉnh lẻ,PROFIBER,BÌNH XUYÊN,CÔNG TY TNHH CÔNG NGHIỆP PROFIBER,"KCN Bình Xuyên, Xã Xuân Lãng, Tỉnh Phú Thọ",Xuân Lãng,Phú Thọ
166,Tỉnh lẻ,BEHPEX,HƯNG YÊN,CÔNG TY TNHH BEHPEX CABLE,"số 378 Nguyễn Thiện Thuật, Phường Phan Đình Phùng, Thị xã Mỹ Hào, tỉnh Hưng Yên",Mỹ Hào,Hưng Yên
167,Tỉnh lẻ,MSL,NINH BÌNH,CÔNG TY TNHH KỸ THUẬT ĐIỆN TỬ MSL VN,"Xóm Xướng Chử ĐV5, Xã Hải Hưng, Tỉnh Ninh Bình",Hải Hưng,Ninh Bình
168,Tỉnh lẻ,LCFC,ĐỒNG VĂN,CÔNG TY TNHH LCFC,"Lô 1, Khu công nghiệp hỗ trợ Đồng Văn III , Phường Duy Hà, Tỉnh Ninh Bình",Duy Hà,Ninh Bình
169,Tỉnh lẻ,NAM SUNG,NINH BÌNH,CÔNG TY TNHH NHÔM NAM SUNG VIỆT NAM,"Thôn Thượng Đồng, Xã Hiền Khánh, Ninh Bình",Hiền Khánh,Ninh Bình
170,Tỉnh lẻ,NÔNG SẢN,BÌNH NGUYÊN,CÔNG TY CP NÔNG SẢN THỰC PHẨM VÀ BAO BÌ VĨNH PHÚC,"Thôn Ngoại Trạch, Xã Bình Nguyên, Tỉnh Phú Thọ",Bình Nguyên,Phú Thọ
171,Tỉnh lẻ,AUSTRONG,HƯNG YÊN,CÔNG TY CỔ PHẦN AUSTRONG GROUP,"Khu công nghiệp Phố Nối A, Xã Như Quỳnh, Tỉnh Hưng Yên",Như Quỳnh,Hưng Yên
172,Tỉnh lẻ,VINASUN,BÌNH XUYÊN,CÔNG TY CP TẬP ĐOÀN TH VINASUN,"KCN Bình Xuyên, Xã Bình Nguyên, Tỉnh Phú Thọ",Bình Nguyên,Phú Thọ
173,Tỉnh lẻ,THÀNH AN,HẢI PHÒNG,CÔNG TY TNHH GIA CÔNG CƠ KHÍ THÀNH AN,"Thôn Tông Phố, Xã Trần Phú, Thành phố Hải Phòng",Trần Phú,Hải Phòng
174,Tỉnh lẻ,TONGHE,ĐỒNG VĂN,CÔNG TY TNHH TONGHE VINA,"KCN Đồng Văn , Duy Tiên, Tỉnh Ninh Bình",Duy Tiên,Ninh Bình
175,Tỉnh lẻ,CHILISIN,HẢI PHÒNG,CÔNG TY TNHH DIEN TU CHILISIN VN,"Số 143,145, đường số 10, KĐT, công nghiệp và dịch vụ VSIP Hải PHòng, Phường Nam Triệu, TP Hải Phòng",Nam Triệu,Hải Phòng
176,Tỉnh lẻ,M&S,HẢI PHÒNG,CÔNG TY TNHH M&S VINA,"Thôn Nghiên Phấn, Phường Thạch Khôi, TP Hải Phòng",Thạch Khôi,Hải Phòng
177,Tỉnh lẻ,WISTRON,ĐỒNG VĂN,"WISTRON, LÔ CN09 VÀ CN10","KCN hỗ trợ Đồng Văn III giai đoạn II, Phường Duy Hà,Ninh Bình",Duy Hà,Ninh Bình
178,Tỉnh lẻ,QMH,MỸ THUẬN,CÔNG TY TNHH MÁY TÍNH QMH,"Lô CN14, KCN Mỹ Thuận, Phường Mỹ Lộc, Tỉnh Ninh Bình",Mỹ Lộc,Ninh Bình
179,Tỉnh lẻ,SEOUL,ĐỒNG VĂN,SEOUL SEMICONDUCTOR VINA,"Khu công nghiệp Đồng Văn I, phường Đồng Văn, Ninh Bình",Đồng Văn,Ninh Bình
180,Tỉnh lẻ,AMTRAN,HẢI PHÒNG,AMTRAN VIETNAM TECHNOLOGY COMPANY LIMITED,"Số 115, đường Đông - Tây, Khu đô thị, công nghiệp và dịch vụ VSIP Hải Phòng, Phường Hòa Bình, TP Hải Phòng",Hòa Bình,Hải Phòng
181,Tỉnh lẻ,LG DISPLAY,HẢI PHÒNG,CÔNG TY TNHH LG DISPLAY VIỆT NAM,"KCN Tràng Duệ, thuộc khu kinh tế Đình Vũ, Phường An Phong, TP Hải Phòng",An Phong,Hải Phòng
182,Tỉnh lẻ,TESCOM,HẢI PHÒNG,CÔNG TY TNHH TESCOM VIỆT NAM BRANCH,"Số 14, Đường số 8, Khu đô thị Waterfont city, phường Lê Chân, Hải Phòng",Lê Chân,Hải Phòng
183,Tỉnh lẻ,MAGNETEC,HẢI PHÒNG,CÔNG TY TNHH MAGNETEC VIỆT NAM                                                                                                       ,"KKT Đình Vũ- Cát Hải, Đông Hải, Hải Phòng  ",Đông HảI,Hải Phòng
184,Tỉnh lẻ,ZHUANG,ĐỒNG VĂN,CÔNG TY TNHH HUA ZHUANG ELECTRONICS VN,"Một phần lô J, KCN Đồng Văn II, Phường Đồng Văn, Ninh Bình",Đồng Văn,Ninh Bình
185,Tỉnh lẻ,CFS,HẢI PHÒNG,CFS HPH - VIDIFI,"Duyên Hải Park, phường Hải An, Hải Phòng",Hải An,Hải Phòng
186,TN,ASGL,ASGL,CÔNG TY CỔ PHẦN LOGISTICS ASG (ASGL),"Khu công nghiệp Yên Bình, Vạn Xuân, Thái Nguyên",Vạn Xuân,Thái Nguyên
187,TN,SEMV,SEMV,SAMSUNG ELECTRO-MECHANICS VIỆT NAM (SEMV),"Khu công nghiệp Yên Bình, Vạn Xuân, Thái Nguyên",Vạn Xuân,Thái Nguyên
188,TN,SEVT,SEVT,SAMSUNG ELECTRONICS VIỆT NAM (SEVT),"Khu công nghiệp Yên Bình, Vạn Xuân, Thái Nguyên",Vạn Xuân,Thái Nguyên
189,TN,DAINESE,DAINESE,CÔNG TY TNHH DAINESE VIỆT NAM,"CN13-CN18 KCN Yên Bình, Phổ Yên, Thái Nguyên",Phổ Yên,Thái Nguyên
190,TN,HADANBI,ĐIỀM THỤY,CÔNG TY TNHH HADANBI VINA,"KCN Điềm Thụy,  Điềm Thụy, Thái Nguyên",Điềm Thụy,Thái Nguyên
191,TN,SR TECH,SÔNG CÔNG,CÔNG TY TNHH SR TECH,"KCN Sông Công I, đường Cách Mạng Tháng 10, Bách Quang, Thái Nguyên",Bách Quang,Thái Nguyên
192,TN,SHINSUNG,SHINSUNG,CÔNG TY TNHH SHINSUNG C&T VINA,"KCN Điềm Thụy,  Điềm Thụy, Thái Nguyên",Điềm Thụy,Thái Nguyên
193,TN,JUWKANG,JUWKANG,CÔNG TY TNHH JUKWANG PRECISION VIỆT NAM,"KCN Điềm Thụy,  Điềm Thụy, Thái Nguyên",Điềm Thụy,Thái Nguyên
194,TN,DONGSUNG,ĐIỀM THỤY,CÔNG TY TNHH DONGSUNG VINA,"KCN Điềm Thụy, Thái Nguyên",Điềm Thụy,Thái Nguyên
195,TN,HEV,HEV,CÔNG TY TNHH HANSOL ELECTRONICS VIỆT NAM,"Khu công nghiệp Yên Bình, Vạn Xuân, Thái Nguyên",Vạn Xuân,Thái Nguyên
196,TN,UTI VINA,ĐIỀM THỤY,"UTI VINA CO.,LTD","Lô CN4, Khu Công nghiệp Điềm Thụy, Xã Điềm Thụy, Tỉnh Thái Nguyên",Điềm Thụy,Thái Nguyên
197,TN,ECOMAX,YÊN BÌNH,ECOMAX VINA,"KCN Yên Bình, Thái Nguyên",Vạn Xuân,Thái Nguyên
198,TN,LỌC KHÍ,SÔNG CÔNG,CÔNG TY CP SX LỌC KHÍ VIỆT MIỀN BẮC,"KCN Sông Công, Thái Nguyên",Bách Quang,Thái Nguyên
199,TN,JIAXIN,ĐIỀM THỤY,JIAXIN INDUSTRIAL COMPANY LIMITED,"Lô CN7, KCN Điềm Thụy, Phường Phổ Yên, Thái Nguyên",Điềm Thụy,Thái Nguyên
200,TN,HUYNDAI,ĐIỀM THỤY,CÔNG TY CP HYUNDAI ALUMINUM VINA TẠI THÁI NGUYÊN,"Lô CN6, KCN Điềm Thụy, Xã Điềm Thụy,Thái Nguyên",Điềm Thụy,Thái Nguyên
201,TN,CEM,SÔNG CÔNG,CÔNG TY TNHH CÔNG NGHỆ THÔNG MINH CEM VIỆT NAM,"Nhà xưởng số 01 (B1+B2), lô CN9-KCN Sông Công 2, Thái Nguyên",Bách Quang,Thái Nguyên
202,TN,NÚI PHÁO,NÚI PHÁO,CÔNG TY TNHH KHAI THÁC CHẾ BIẾN KHOÁNG SẢN NÚI PHÁO,"Xã An Khánh, Thái Nguyên",An Khánh,Thái Nguyên
203,TN,DOWOOINSYS,SÔNG CÔNG,DOWOOINSYS VINA,"KCN Sông Công 2,  Phường Bách Quang, Tỉnh Thái Nguyên",Bách Quang,Thái Nguyên
204,TN,DBG,YÊN BÌNH,CÔNG TY TNHH DBG TECHNOLOGY,"Lô CN16, CN17 KCN Yên Bình, Phường Phổ Yên, Thái Nguyên",Phổ Yên,Thái Nguyên
205,TN,RQ,YÊN BÌNH,RQ TECHNOLOGY ELECTRONICS VIET NAM COMPANY LIMITED,"Nhà xưởng số 5, 7, 8A, 8B, 8C, Lô CN16, CN17, Khu công nghiệp Yên Bình, Phường Phổ Yên, Tỉnh Thái Nguyên",Vạn Xuân,Thái Nguyên
206,TN,SAMJU,ĐIỀM THỤY,CTY TNHH SAMJU VINA,"Lô CN3-3 Khu công nghiệp Điềm Thụy, Xã Điềm Thụy, Tỉnh Thái Nguyên",Điềm Thụy,Thái Nguyên
